Username,Password,CreatedAt
jack,ass,2022-03-16 15:19:05.687213839 -0600 MDT m=+21.104741093
